# latency:    RESULT,system,latency,payload,n,p50,p90,p99,p99.9,max,mean  (microseconds, ROUND TRIP)
# throughput: RESULT,system,throughput,payload,sent,recv,seconds,msgs_per_s,MB_per_s
RESULT,raw-tcp,latency,64,5000,14.06,16.40,20.92,91.68,115.78,14.75
RESULT,zeromq,latency,64,5000,25.13,43.85,104.13,277.52,483.28,30.90
RESULT,mqtt,latency,64,5000,55.39,79.24,289.02,660.69,1114.65,60.70
RESULT,srnp,latency,64,5000,101.64,129.55,262.08,386.88,473.46,99.72
RESULT,raw-tcp,latency,1024,5000,10.46,14.58,22.59,120.69,609.48,11.99
RESULT,zeromq,latency,1024,5000,55.32,68.40,168.27,287.64,603.42,54.10
RESULT,mqtt,latency,1024,5000,56.01,75.23,176.92,256.39,396.56,55.43
RESULT,srnp,latency,1024,5000,71.82,117.11,243.84,382.14,502.98,82.73
RESULT,raw-tcp,latency,65536,5000,22.21,27.14,53.20,163.75,177.00,24.80
RESULT,zeromq,latency,65536,5000,48.44,95.48,161.14,332.62,959.72,58.41
RESULT,mqtt,latency,65536,5000,124.97,330.92,529.21,734.25,864.21,171.21
RESULT,srnp,latency,65536,5000,366.44,552.36,708.47,938.17,1073.65,360.80
RESULT,raw-tcp,throughput,64,100000,100000,0.4454,224532,13.70
RESULT,zeromq,throughput,64,100000,100000,0.0491,2036348,124.29
RESULT,mqtt,throughput,64,100000,100000,0.1269,788215,48.11
RESULT,srnp,throughput,64,100000,22756,0.1115,204126,12.46
RESULT,raw-tcp,throughput,1024,100000,100000,0.4792,208691,203.80
RESULT,zeromq,throughput,1024,100000,100000,0.0956,1045569,1021.06
RESULT,mqtt,throughput,1024,100000,100000,0.2039,490328,478.84
RESULT,srnp,throughput,1024,100000,29409,0.1446,203332,198.57
RESULT,raw-tcp,throughput,65536,5000,5000,0.0635,78755,4922.18
RESULT,zeromq,throughput,65536,5000,5000,0.0742,67407,4212.91
RESULT,mqtt,throughput,65536,5000,5000,0.1775,28164,1760.24
RESULT,srnp,throughput,65536,5000,5000,0.1268,39433,2464.55
# codec (in-process, nanoseconds per call)
CODEC,payload=64,frame_bytes=97,+16B_header,encode_ns=99,decode_ns=20
CODEC,payload=1024,frame_bytes=1057,+16B_header,encode_ns=86,decode_ns=34
CODEC,payload=65536,frame_bytes=65569,+16B_header,encode_ns=3759,decode_ns=1034
# one client -> own-server hop in isolation, one way
RESULT,srnp-selfloop(one-way),latency,64,3000,4.82,5.27,7.69,67.22,106.49,4.77
